CROP,N_AVERAGE,N_MIN,N_MAX,P_AVERAGE,P_MIN,P_MAX,K_AVERAGE,K_MIN,K_MAX,TEMP_AVERAGE,TEMP_MIN,TEMP_MAX,HUM_AVERAGE,HUM_MIN,HUM_MAX,PH_AVERAGE,PH_MIN,PH_MAX,RAIN_AVERAGE,RAIN_MIN,RAIN_MAX
kidneybeans,20.75,0,40,67.54,55,80,20.05,15,25,20.11508469,15.33042636,24.92360104,21.60535673,18.09224048,24.96969858,5.749410586,5.502999119,5.99812453,105.9197775,60.27552528,149.7441028
maize,77.76,60,100,48.44,35,60,19.79,15,25,22.38920391,18.04185513,26.54986394,65.09224945,55.28220433,74.82913698,6.245189722,5.513697923,6.995843776,84.76698766,60.65171481,109.7515385
rice,79.89,60,99,47.58,35,60,39.87,35,45,23.68933221,20.0454142,26.92995077,82.27282154,80.12267476,84.96907151,6.425470922,5.005306977,7.868474653,236.1811136,182.5616319,298.5601175
